train,test
0.00034567898589410467,0.0005699282968776599
0.00034567898589410467,0.0005699282968776599
0.00034567898589410467,0.0005699282968776599
