train,test
0.06881917773475095,0.13921562704072438
0.11796767395284123,0.0372360227385519
0.07952229323754863,0.17375833565403742
