train,test
0.13263370414957212,0.08222618215307344
0.01727057793429308,0.1041186644405652
0.1362633251330515,0.10193325561853005
