train,test
0.7346296836463322,0.26751752596129347
0.7346296836463322,0.26751752596129347
