train,test
0.00036100454138158925,0.0005699282968776599
0.00034567898589410467,0.0006704071523498271
0.003413417218861607,0.004386410637001682
