train,test
0.00034567898589410467,0.0005699282968776599
0.00036145495341327545,0.0006190160781660355
0.005917168430812939,0.009046775830924099
