train,test
0.027493530218771312,0.03298666008262102
0.05573525027701993,0.04737889090151627
0.04976019163625067,0.042895430160047474
