train,test
0.006543802789908307,0.009211556894872812
0.0004106285930749266,0.0005699282968776599
0.0036158591564375256,0.015353438986245667
