train,test
0.003413417218861607,0.004454671143388735
0.003413417218861607,0.004309004123923411
0.00034567898589410467,0.0005699282968776599
