train,test
0.11551047926324964,0.07332938597634524
0.06670425357684055,0.07588990353760534
0.028092092565013504,0.024319795363598233
