train,test
0.00034567898589410467,0.0005699282968776599
0.00034567898589410467,0.0005699282968776599
0.003289269838055214,0.004309004123923411
